,0,1,2
configuration,45,216,124
  ,107,21,189
lib,109,215,196
spack,93,14,177
docs,250,86,216
conf,1,247,163
py,162,79,136
requirements,243,170,200
txt,34,192,192
round,26,54,139
default,160,46,17
yes,64,65,250
test,189,6,50
external,35,120,119
share,126,123,186
completion,2,193,191
bash,142,222,150
comment,17,248,225
off,17,197,235
copyright,49,91,116
           ,120,249,8
lawrence,37,169,198
livermore,156,53,196
national,186,104,26
security,40,235,224
llc,180,173,99
and,210,78,154
other,75,233,173
project,233,38,185
developers,230,52,36
see,86,161,6
the,117,249,115
top,136,95,60
level,247,14,236
file,185,16,164
for,29,108,41
details,131,199,117
spdx,180,71,244
license,79,212,104
identifier,41,149,140
   ,23,126,64
apache,52,86,106
     ,60,162,184
or,193,167,217
mit,253,156,98
generate,163,91,63
ci,146,188,63
jobs,139,138,192
bin,225,32,228
gitlab,190,100,94
sh,127,232,72
pre,121,99,110
when,24,56,33
always,16,3,137
only,69,48,84
build,179,152,249
master,233,175,56
develop,91,155,21
on,244,48,218
push,14,240,165
do,242,236,170
not,138,39,238
every,169,201,131
branch,116,64,244
dist,219,84,244
fast,156,240,79
finish,140,39,214
true,127,82,88
stage,208,7,34
style,89,215,33
checks,82,96,18
os,40,225,44
linux,69,131,148
language,162,108,20
python,107,36,185
env,75,133,3
suite,231,169,33
flake,205,37,209
shell,3,101,186
integration,47,151,107
with,150,220,19
module,230,178,223
files,184,241,188
    ,209,121,143
bootstrap,253,255,253
unit,11,47,98
tests,225,244,74
documentation,99,214,47
coverage,87,242,118
doc,84,2,35
generic,64,174,156
version,45,66,229
      ,218,32,169
if,85,164,192
type,219,98,38
pull,169,57,37
request,114,187,230
mpich,144,17,231
autotoolspackage,75,213,121
spec,225,145,122
makefilepackage,147,120,128
setuptools,132,48,36
pythonpackage,247,15,221
perl,25,27,129
dbi,65,61,94
perlpackage,196,172,97
openjpeg,134,1,243
cmakepackage,23,164,42
cmake,108,78,228
r,107,251,51
rcpp,253,224,90
rpackage,11,211,206
docker,120,44,120
name,66,112,236
in,97,24,86
need,75,221,19
graphviz,87,62,169
to,58,43,52
builds,76,17,144
we,158,47,29
use,110,223,43
base,199,134,189
core,90,184,102
dev,178,76,177
mac,17,172,251
homebrew,41,239,105
update,116,37,79
ccache,227,204,138
needs,125,156,17
be,84,125,47
cached,16,69,96
directly,184,192,57
as,198,50,46
travis,7,26,131
is,171,151,66
care,219,253,58
of,100,31,112
it,29,76,140
possibly,142,10,81
because,87,56,119
c,53,209,163
pip,159,229,66
work,205,88,29
around,61,141,66
s,194,239,188
support,100,172,155
then,28,175,87
install,138,51,252
source,108,152,224
activate,29,206,41
m,137,232,73
g,246,2,105
z,186,14,126
various,175,219,91
dependencies,232,217,31
six,194,4,184
pep,26,240,195
naming,157,99,12
this,55,164,189
git,52,79,125
config,108,206,231
global,222,250,30
user,222,96,102
email,180,158,30
example,244,59,234
com,43,25,51
able,84,177,225
compute,96,252,239
list,41,124,206
changed,149,124,114
fetch,71,225,117
origin,191,234,13
set,149,29,149
up,122,103,80
deps,25,122,163
b,186,83,244
they,0,173,169
take,137,134,179
too,126,43,235
long,112,85,186
compile,239,38,243
cp,231,172,152
yaml,230,2,248
etc,107,76,2
run,99,247,9
case,14,120,34
flags,73,56,214
llnl,234,24,12
gov,124,131,63
success,129,85,120
change,202,178,201
failure,228,168,81
var,248,53,46
cache,52,0,73
environments,154,251,150
repos,159,96,235
index,115,237,135
lock,63,83,55
ignore,156,187,166
everything,41,1,32
except,10,81,42
defaults,52,32,6
modules,33,38,44
lmod,63,169,235
property,178,91,203
notice,253,219,139
licensed,247,88,35
under,106,32,239
http,21,108,83
www,165,28,33
org,218,142,206
licenses,75,222,30
opensource,229,70,21
at,3,112,20
your,200,100,108
option,161,184,168
are,218,246,130
by,146,90,139
no,156,153,182
required,242,96,146
was,84,157,15
distributed,211,63,136
from,224,245,118
https,4,230,64
github,11,212,244
issues,175,212,188
individual,195,246,68
contain,14,129,222
tags,71,62,121
instead,88,124,180
full,97,99,75
text,228,203,154
enables,4,105,91
machine,168,250,252
processing,112,167,199
information,32,70,7
based,169,49,74
that,135,50,112
available,94,59,254
here,211,227,147
following,247,253,8
header,236,68,150
its,170,240,1
these,220,164,113
packages,145,239,249
a,207,130,41
summary,46,115,137
follows,75,4,154
included,183,163,176
each,176,66,204
package,219,11,166
argparse,109,229,223
pypi,112,49,172
ctest,185,243,62
log,165,232,241
parser,212,94,241
kitware,61,13,155
bsd,0,125,183
distro,240,81,138
functools,227,32,152
blob,156,3,98
jinja,165,207,99
jsonschema,245,237,223
homepage,97,71,169
ordereddict,77,245,74
pytest,27,176,54
ruamel,162,237,246
readthedocs,247,109,133
io,134,166,32
macholib,147,37,112
en,7,119,18
latest,141,101,8
html,224,102,128
altgraph,137,243,167
        ,82,59,66
                 ,122,121,210
          ,144,22,248
gmail,221,80,148
             ,247,27,174
t,237,148,132
            ,16,34,12
                ,147,81,234
ac,200,37,241
uk,169,77,178
de,51,7,243
                  ,88,51,198
               ,22,152,12
ninja,241,135,111
              ,163,53,105
users,135,129,73
cern,188,142,166
ch,223,154,158
                   ,60,145,200
         ,105,87,25
       ,15,164,228
edu,224,146,77
f,199,122,111
hpc,132,136,253
l,140,149,43
cab,171,168,165
catalyst,135,127,120
lanl,140,244,205
                     ,102,44,207
es,195,162,227
mark,153,163,141
d,71,54,203
anl,240,77,185
me,186,237,231
permission,114,127,120
free,216,60,130
any,112,90,185
copy,119,164,26
software,198,162,131
associated,167,144,30
deal,195,153,196
without,240,88,187
including,245,124,41
rights,16,70,84
modify,191,88,13
merge,101,210,235
so,180,214,106
subject,49,92,50
conditions,194,145,162
above,56,237,143
shall,84,73,26
all,127,17,141
provided,172,160,212
kind,128,180,22
but,69,186,245
limited,186,61,74
particular,190,17,188
purpose,127,29,140
event,254,64,232
authors,199,8,25
whether,67,128,91
an,242,32,207
action,76,48,136
otherwise,122,39,7
out,177,68,187
control,68,221,8
parallel,196,252,37
lines,222,17,181
exclude,130,16,122
have,9,23,157
re,215,47,231
enable,14,69,131
standard,23,56,161
pragma,179,249,102
don,93,167,101
about,196,52,93
missing,13,159,185
debug,125,33,225
code,165,182,11
def,176,158,226
repr,95,116,85
self,27,245,91
assertion,183,206,52
non,12,185,200
isn,151,72,233
main,65,7,179
errors,119,230,249
directory,251,239,20
u,140,109,58
states,238,49,22
their,53,144,244
makes,0,234,223
completeness,76,99,165
product,90,94,124
process,240,134,132
represents,131,223,54
would,185,195,46
reference,10,93,111
specific,10,130,185
service,59,130,157
does,230,128,63
views,147,254,134
state,198,24,67
those,239,74,17
used,68,211,176
settings,202,113,154
exceptions,83,83,89
more,55,164,115
e,152,204,144
indentation,93,48,28
line,36,193,142
same,168,36,227
indent,107,80,135
next,244,143,201
whitespace,122,102,174
multiple,169,89,129
spaces,90,236,156
before,197,117,111
operator,40,206,135
after,46,153,123
keyword,252,97,24
statement,96,58,74
assign,241,159,84
lambda,253,143,253
expression,108,236,141
w,136,233,156
break,7,139,110
warning,95,120,134
binary,95,100,132
get,200,16,156
clean,241,141,229
syntax,31,180,46
error,203,14,225
doctest,238,112,102
n,203,92,119
class,8,51,238
names,193,179,240
should,210,108,201
imported,100,19,114
max,101,228,56
length,114,88,37
include,145,127,214
also,187,26,226
allow,79,62,67
single,137,204,140
import,140,117,57
can,11,48,251
globals,194,217,184
dependents,78,245,223
add,189,178,118
related,156,115,129
undefined,180,38,23
note,146,22,129
per,151,44,244
certain,220,134,117
patterns,158,65,199
command,158,138,3
where,66,215,212
added,240,97,223
regular,60,156,78
may,137,92,159
star,222,202,81
imports,214,233,49
terms,243,110,101
distribution,92,251,131
mean,122,110,33
defined,114,223,251
sections,120,46,138
through,130,67,220
document,231,148,141
owner,232,233,248
union,127,141,245
common,251,102,101
definition,20,216,9
means,19,80,217
i,239,4,151
power,217,125,96
direct,3,130,22
indirect,194,109,237
cause,201,214,55
management,236,31,199
such,79,115,227
ii,5,169,234
you,5,197,190
permissions,177,241,165
form,193,149,130
preferred,146,136,162
making,49,51,60
modifications,137,124,143
object,188,241,50
compiled,234,32,155
generated,97,124,135
types,222,88,165
made,7,41,93
below,202,138,197
works,115,191,24
derived,152,58,222
which,84,78,101
represent,21,173,7
whole,250,132,48
original,65,21,188
link,67,54,25
bind,217,179,55
interfaces,159,67,71
written,236,63,41
communication,76,17,127
lists,201,140,98
systems,176,156,147
issue,212,4,84
tracking,162,176,236
marked,216,114,152
writing,123,157,24
has,170,232,247
been,162,215,218
within,253,91,176
exclusive,16,217,250
prepare,247,110,219
display,193,159,22
perform,172,149,235
section,223,12,11
make,201,48,234
transfer,140,37,53
combination,246,204,60
against,237,171,96
cross,189,224,8
date,231,161,177
must,102,64,164
give,137,36,59
modified,191,233,132
part,174,195,68
includes,208,62,34
readable,46,202,91
least,70,128,121
one,169,151,105
along,144,33,77
third,166,149,76
party,172,35,254
normally,72,24,179
appear,117,65,221
contents,248,8,22
own,115,28,195
additional,70,212,9
cannot,177,234,253
provide,177,243,151
different,172,139,113
unless,122,148,202
explicitly,229,125,105
nothing,179,228,32
separate,217,102,76
executed,208,45,202
marks,178,201,25
content,98,34,176
provides,109,194,35
either,95,0,86
title,189,11,63
using,180,244,80
assume,23,147,205
special,57,100,187
character,83,167,82
result,243,170,31
computer,166,127,221
even,253,43,109
while,121,90,134
choose,74,111,151
fee,112,187,204
consistent,95,149,78
however,83,134,125
reason,53,177,254
end,84,185,78
how,28,112,170
apply,146,188,17
fields,236,101,237
replaced,158,195,13
appropriate,199,38,134
format,165,180,48
description,104,132,129
page,185,131,215
easier,137,38,249
compiler,38,143,101
wrapper,244,121,18
script,139,45,14
commands,222,43,6
go,180,197,65
thin,248,63,254
layer,106,86,39
compilers,84,204,247
several,151,150,97
key,216,231,28
pieces,55,24,128
functionality,81,25,5
allows,77,230,80
swap,106,229,134
into,91,195,201
easily,74,242,25
adds,204,181,131
options,100,19,110
find,113,53,29
time,221,117,26
arguments,69,177,110
dependency,134,120,109
directories,232,135,1
wl,108,58,162
rpath,100,180,141
array,251,156,33
environment,208,140,17
variables,75,127,153
runs,231,243,38
routines,225,113,6
path,81,34,159
dir,182,41,0
id,55,49,252
cc,149,189,244
arg,27,187,146
cxx,211,56,77
fc,122,249,45
target,236,210,223
args,29,207,65
dtags,124,217,117
strip,153,95,63
linker,104,45,176
short,7,227,5
system,57,9,203
dirs,245,186,24
input,160,68,18
checked,98,28,112
sanity,56,83,126
later,235,54,153
passed,62,9,37
cflags,25,207,178
cxxflags,59,172,136
fcflags,84,247,50
fflags,103,185,234
ldflags,201,45,240
ldlibs,246,221,245
optional,250,64,149
logging,93,58,1
prints,21,155,217
message,221,181,254
exits,105,211,233
read,194,97,214
parameters,188,232,33
proper,56,93,99
arrays,145,179,123
delimited,28,231,88
ifs,248,15,152
ra,159,135,197
lang,88,72,154
split,237,110,66
cppflags,77,235,209
function,31,1,54
sd,148,127,49
starts,72,41,43
prefix,243,18,195
return,208,241,82
fail,225,249,152
param,78,222,177
x,100,217,170
die,173,84,55
figure,210,81,226
mode,48,213,151
knows,184,211,44
what,151,230,241
possible,83,10,224
languages,144,18,174
fortran,204,122,90
vcheck,175,54,73
check,188,52,4
cpp,223,50,226
preprocess,80,157,125
assemble,93,191,161
ld,125,178,56
ccld,218,187,158
basename,248,96,235
comp,132,159,188
gcc,207,208,57
clang,8,98,102
armclang,111,144,20
icc,43,20,10
pgcc,218,44,246
xlc,170,190,54
fcc,127,210,75
icpc,157,198,115
pgc,231,116,37
ftn,212,11,116
gfortran,188,181,20
flang,64,131,221
armflang,205,238,199
ifort,226,89,118
pgfortran,60,217,215
xlf,239,128,137
nagfor,206,5,81
frt,136,40,38
pgf,71,113,128
unknown,98,115,51
present,113,253,165
extra,246,100,87
search,245,169,93
paths,231,41,126
v,143,240,203
dumpversion,104,151,126
setting,114,175,234
elif,113,249,89
needed,22,207,235
ensure,232,212,96
runpath,136,89,98
opposite,179,189,20
depending,69,120,139
mechanism,250,189,107
lacking,42,63,74
best,175,91,67
few,189,125,131
sources,248,104,219
some,192,245,113
them,246,108,179
stance,84,72,215
blog,123,234,148
qt,133,55,243
wiki,35,125,35
debian,120,76,128
rpathissue,5,236,124
discussion,130,211,83
could,193,231,69
enabling,3,128,31
new,15,229,0
dynamic,247,5,138
sourceware,35,83,94
ml,252,247,43
binutils,91,1,188
msg,72,62,216
variable,158,154,92
according,236,248,175
eval,175,64,170
dump,200,12,54
exit,124,77,7
echo,176,145,57
real,51,153,31
actually,99,217,78
selected,163,62,146
know,156,237,74
execute,14,14,245
compiling,167,112,215
programs,34,237,49
filter,140,81,92
doesn,23,170,103
just,62,139,10
call,133,161,145
itself,241,78,84
addpath,187,198,83
export,95,12,154
exec,196,98,210
darwin,183,253,70
argument,171,207,26
merges,239,171,241
together,36,36,224
controls,182,139,227
rpaths,52,105,169
false,53,38,213
save,145,40,202
parse,152,49,154
extract,163,57,32
recombine,82,217,153
sure,130,27,243
come,207,71,86
last,214,99,172
first,173,7,19
injected,217,116,196
properly,197,105,41
treated,75,253,28
left,190,187,208
order,48,67,159
ensures,50,38,153
start,17,76,159
group,99,179,101
sensitive,16,199,239
continue,83,102,90
caller,54,84,90
expects,33,183,47
libs,91,31,90
initialized,247,249,148
inject,180,216,116
supplied,84,22,195
via,243,57,210
wrappers,108,148,161
shift,242,117,179
fi,49,208,73
libdirs,59,74,38
rp,248,184,232
followed,236,204,179
want,81,82,162
remove,69,249,117
flag,212,37,103
xlinker,141,183,100
place,198,8,77
stick,165,249,202
gmake,137,244,241
puts,166,117,135
manual,47,56,68
implicit,68,17,139
rules,206,111,178
gnu,143,211,218
node,15,72,252
preprocessor,11,185,166
macos,70,173,67
insert,209,166,172
headerpad,25,164,18
prepend,125,178,85
append,243,157,233
exist,64,250,248
yet,226,169,161
assumed,137,51,142
already,90,83,251
confirmed,128,59,192
linking,254,234,174
finally,221,6,172
reassemble,85,150,230
assembled,167,51,71
earlier,111,184,158
done,35,240,17
library,119,107,115
supports,177,89,83
workaround,3,13,254
being,204,142,129
temp,182,97,220
folder,149,126,153
issuecomment,209,46,17
nohashdir,245,248,30
supplies,119,150,238
write,98,216,71
output,245,65,124
logs,91,123,212
asked,80,133,47
others,189,153,88
pluggy,0,122,114
sha,42,83,211
cv,34,176,129
pp,122,244,24
info,113,127,63
rst,104,78,180
o,104,221,216
metadata,219,196,5
pe,222,145,49
record,139,8,245
xm,216,227,26
json,37,135,88
h,87,243,252
sz,36,183,29
installer,239,159,74
generator,61,15,179
root,94,201,97
tag,55,56,126
none,147,205,176
plugin,112,167,220
hook,111,0,98
calling,162,84,90
home,121,107,139
author,217,127,114
platform,217,109,78
unix,158,45,136
win,240,152,160
development,181,142,22
status,157,202,203
beta,147,148,168
intended,191,96,107
operating,170,138,107
posix,189,117,96
microsoft,51,135,194
windows,207,42,49
testing,123,213,99
libraries,71,93,44
utilities,219,138,54
programming,4,25,153
manager,34,61,124
during,54,61,193
series,78,222,236
much,37,226,58
maintained,118,77,38
active,109,113,90
patches,225,144,146
reserved,156,27,232
well,93,35,219
products,190,10,23
prior,158,165,34
substitute,105,90,101
services,83,74,206
data,111,112,128
strict,211,96,197
way,197,160,73
vendor,174,41,230
model,37,244,160
amd,108,189,70
tm,70,46,169
processor,191,62,65
size,13,19,113
fpu,147,231,38
exception,158,227,47
tsc,217,146,121
cx,219,36,208
sep,146,185,52
mca,170,223,30
sse,220,148,219
nx,97,15,227
opt,242,236,84
lm,189,149,98
rep,166,205,247
good,188,32,77
monitor,142,60,204
cmp,222,71,61
legacy,230,99,119
nodeid,207,71,148
disable,133,205,214
k,223,234,12
pages,76,39,231
address,163,52,138
sizes,196,27,240
bits,153,230,195
virtual,201,68,75
avx,112,189,49
nb,212,62,126
scale,177,93,221
bugs,130,33,223
ss,164,102,162
attrs,104,254,244
eff,104,133,130
proc,142,55,211
taken,80,244,107
redhat,198,133,131
intel,33,202,249
cpu,147,143,70
arch,233,65,53
dca,146,133,172
timer,68,199,51
adjust,46,121,77
pln,218,14,94
machdep,172,200,45
basic,30,16,91
ext,171,149,57
string,239,46,87
family,124,166,33
feature,197,146,100
signature,74,35,218
features,252,22,160
mon,20,87,109
df,83,130,184
em,26,79,36
min,65,84,10
extensions,111,37,19
sub,106,165,37
fine,59,100,248
mod,47,22,168
hardware,192,122,180
extended,46,133,186
number,82,92,163
width,196,67,179
events,28,204,117
fixed,120,197,221
inst,212,177,14
small,111,122,146
large,209,17,144
shared,149,27,86
count,189,243,16
thread,199,23,30
ccc,38,94,250
offset,35,34,79
supported,109,138,78
revision,8,28,214
cat,115,140,21
cd,223,37,186
total,85,19,28
local,115,162,194
raw,206,60,59
targets,156,53,128
partial,55,75,181
match,164,240,95
foo,181,8,245
bar,20,89,22
definitions,255,101,147
recursive,22,243,104
second,201,46,197
two,17,218,135
makefile,81,52,236
handle,45,212,154
mk,190,23,185
middle,92,216,35
sphinx,127,98,20
builddir,37,196,230
pythonpath,106,76,206
latex,123,235,17
builder,72,138,152
help,121,33,211
man,17,217,51
changes,56,64,97
gettext,101,16,136
creates,205,186,42
repository,98,148,220
automatically,130,159,139
touch,46,91,29
takes,135,100,32
rev,246,108,52
show,166,173,221
rm,222,173,201
commit,246,63,59
ssh,212,223,181
delete,88,199,193
usr,59,4,166
web,207,217,222
lc,160,157,235
please,87,110,71
standalone,44,216,145
named,236,190,77
deprecated,87,157,164
items,129,146,125
links,156,137,215
enabled,230,186,14
now,100,169,213
like,149,204,140
view,182,127,68
mkdir,28,65,122
p,136,50,32
ln,162,15,52
pdf,205,75,39
running,246,240,78
complete,109,202,239
look,248,100,95
results,248,66,205
j,177,155,210
fpic,107,11,102
wall,114,25,214
objs,135,251,145
consider,56,139,231
java,126,32,71
jar,249,65,105
dirname,169,55,215
openfoam,237,229,56
open,128,145,97
cfd,1,134,6
foundation,215,238,91
general,66,121,249
public,104,146,172
locate,20,68,66
site,171,53,213
wide,127,36,251
ver,240,187,212
bashrc,160,95,63
prefs,51,214,35
wm,116,104,158
unset,151,153,236
detect,124,111,162
locations,187,216,45
usage,11,76,250
filename,5,196,21
stop,3,230,188
existing,240,193,228
specify,87,39,151
alternative,163,100,50
installation,240,169,54
csh,65,221,238
produce,11,68,68
verbose,146,181,188
q,43,246,162
suppress,42,170,242
normal,213,164,28
silent,55,71,174
stderr,142,168,247
print,235,129,172
found,93,16,144
resolved,209,50,247
stdout,167,48,79
report,190,233,61
ge,122,206,212
bindir,233,233,79
projectdir,79,175,147
resolve,143,156,117
called,77,0,32
pwd,117,229,73
empty,133,39,121
will,164,214,160
hard,18,42,0
guess,252,89,234
simply,185,90,62
stem,168,134,114
packaging,190,78,155
convert,212,125,248
sed,104,235,131
were,132,60,65
gt,48,175,112
unsupported,87,245,0
y,90,152,112
handles,187,220,92
invalid,107,134,218
requires,163,83,237
trailing,205,106,35
leading,205,43,53
foam,253,234,30
nargs,16,114,196
eq,100,131,121
installed,217,95,156
define,247,79,29
scan,91,195,143
fallback,86,209,80
handling,55,156,109
le,139,71,67
expect,213,134,223
absolute,121,234,198
precedence,141,27,223
ok,114,180,204
expected,133,159,83
pattern,105,52,86
extend,131,170,248
libbin,76,163,155
null,5,112,187
prefer,214,173,189
allwmake,39,169,69
exists,37,253,59
pass,207,119,65
tools,126,12,45
problems,135,26,47
dummy,61,250,120
mpi,157,190,56
parent,25,102,152
providers,89,240,148
helper,0,58,140
applications,72,75,201
dependent,95,103,221
currently,47,243,206
minimum,55,150,185
points,246,208,69
location,102,97,42
older,173,75,132
versions,74,211,110
future,75,126,156
still,21,169,229
initial,230,186,150
setup,63,87,108
hg,252,251,82
svn,127,211,112
move,92,127,162
profile,254,41,46
simple,99,89,191
mpileaks,155,115,96
removing,90,185,130
pipe,57,39,214
seems,224,77,99
scripts,167,113,85
correctly,252,55,153
mirror,152,59,195
create,218,182,252
load,76,200,58
tcl,53,125,121
installs,97,59,91
parts,44,107,200
verify,14,147,157
correct,153,117,52
headers,37,25,226
warnings,41,87,188
dot,188,40,166
image,103,128,225
configurations,14,229,195
login,70,77,50
stdin,44,133,7
frontend,247,52,229
force,77,249,18
unsafe,240,94,121
configure,213,137,13
curl,86,190,175
less,201,231,68
openmpi,192,183,109
api,216,162,189
tarball,94,244,88
tar,94,29,253
netlib,39,28,247
scalapack,198,44,242
openblas,99,61,253
lapack,218,182,196
scipy,172,172,1
loaded,98,212,39
cmd,128,48,8
ubuntu,215,184,54
daemon,58,148,101
our,234,136,157
op,192,121,248
multi,116,163,71
interpreter,57,239,199
sys,181,0,164
higher,19,215,11
realpath,38,93,63
join,125,22,224
produces,63,223,0
though,130,139,245
point,61,144,39
another,42,239,59
del,23,69,226
once,107,179,80
method,119,164,128
noqa,205,220,244
sbang,172,120,114
shebang,178,6,174
many,127,99,40
limit,213,91,231
deep,240,152,183
hierarchy,116,229,143
very,81,121,233
bad,253,40,149
likely,127,1,11
put,200,92,74
require,70,240,236
enough,34,201,159
lua,216,12,39
looks,197,57,48
starting,8,51,35
parameter,231,214,64
ones,5,122,165
vector,216,73,65
invoke,243,218,193
raise,145,108,246
executable,177,116,75
uses,251,227,7
most,180,65,99
than,43,215,243
compatible,220,137,88
across,42,113,45
platforms,148,77,56
img,65,58,115
src,177,175,49
svg,129,161,102
graph,50,22,215
projects,2,231,174
installing,28,33,45
installations,83,170,53
offers,223,43,29
pure,201,181,53
specs,52,238,217
examples,223,232,201
clone,10,192,38
zlib,201,149,157
maintain,240,58,107
tutorial,248,34,224
advanced,252,161,114
developer,135,186,38
anything,115,74,129
groups,32,106,18
google,43,104,164
us,241,45,104
easy,94,52,135
send,150,165,222
requests,208,232,128
destination,70,42,131
pr,235,3,45
guide,81,122,164
flow,254,96,245
contains,153,244,235
md,32,246,26
graphs,83,61,250
created,23,43,26
sc,5,42,191
                      ,189,99,184
both,224,159,124
release,64,41,237
major,85,208,215
performance,221,57,160
mirrors,18,85,47
symlinks,216,70,186
duplicate,216,35,106
try,128,196,95
avoid,48,145,174
fetching,138,62,126
rhel,159,105,237
concretization,155,184,98
minor,121,211,66
speed,31,141,139
activation,69,177,222
newlines,144,115,33
maintainers,159,72,73
field,182,229,125
hwloc,33,12,110
head,229,125,148
gpg,74,189,124
fix,97,55,93
relative,94,99,146
strings,49,184,68
binaries,198,147,139
fixes,76,203,199
variants,132,19,89
constraints,169,119,76
uninstall,81,108,55
concrete,71,238,250
dag,87,50,112
hash,78,214,237
relocate,178,200,45
over,105,138,204
remote,72,2,103
resources,138,162,158
necessary,92,140,105
util,85,42,145
url,70,84,96
utf,243,170,100
encoding,2,130,74
quoted,116,202,207
containing,132,66,192
parsed,184,67,145
database,133,221,190
query,121,129,9
methods,0,168,69
cuda,184,4,66
conflict,8,97,151
statements,23,174,40
syaml,42,30,129
int,103,26,99
rather,174,63,221
str,196,221,50
elpa,74,12,227
until,106,58,6
trilinos,140,160,4
constrain,146,22,169
netcdf,52,99,64
deployment,224,148,134
microarchitecture,40,26,106
auto,112,67,198
year,220,204,186
upstream,33,142,44
instances,76,104,55
sets,102,221,163
pkg,172,3,87
architectures,10,37,12
pick,163,45,110
matrix,177,237,252
conditional,214,198,248
stack,151,160,142
projections,134,205,30
symlink,56,155,205
trees,96,164,110
custom,12,244,233
outside,65,154,48
repo,54,5,94
arm,208,41,63
fujitsu,85,212,12
cdash,50,237,151
server,46,52,252
upload,195,231,3
downloads,155,227,209
phases,92,138,154
working,2,64,13
deprecate,223,202,139
old,150,251,130
requested,11,116,245
executables,163,61,183
runtime,17,116,161
newer,240,108,47
processes,154,253,61
writes,69,155,120
tmpdir,120,17,65
stages,52,168,192
powerful,126,75,118
cli,113,77,187
edit,144,15,189
keep,57,29,75
longer,130,41,51
tool,238,21,81
important,236,24,214
since,145,126,213
previously,246,142,158
trunk,248,13,88
addition,59,165,229
better,14,129,219
finding,51,96,201
logic,146,116,197
back,223,199,229
regex,172,83,161
generation,3,28,6
startup,196,39,37
previous,219,176,179
detection,133,231,172
there,110,95,106
built,58,160,104
optimization,153,40,193
fftw,101,223,237
gets,99,6,114
behavior,137,67,36
broken,220,244,25
down,33,18,140
proxy,133,21,201
apps,115,133,56
app,173,150,105
relocatable,51,233,38
buildcache,247,142,201
fully,120,107,209
templates,140,222,125
valued,89,136,78
conflicts,12,225,8
directive,223,165,155
depends,229,131,38
patch,106,155,199
interface,228,204,120
passing,223,207,236
blas,230,91,142
subclasses,173,69,244
autotools,228,102,145
qmake,74,12,195
scons,45,37,105
waf,196,160,20
blame,136,43,160
parsing,178,234,117
urls,121,236,107
faster,87,241,154
internal,246,147,57
structure,10,48,248
bug,217,81,58
plain,29,249,134
filtering,171,232,230
submodules,18,243,75
cray,240,145,19
machines,44,172,10
ibm,249,104,162
xl,169,177,198
releases,142,185,9
begin,61,173,174
expanded,183,11,222
completely,116,133,245
architecture,228,42,113
front,186,73,92
combinations,101,68,64
nested,28,146,80
scopes,157,118,160
dirty,156,34,82
classes,154,138,234
objects,86,138,57
attributes,85,172,113
nose,128,47,141
current,253,119,87
mock,53,133,103
keys,231,61,44
bundle,106,116,194
ceed,91,47,33
init,133,81,211
manually,43,71,59
body,202,87,45
creating,57,37,172
comments,3,46,91
private,23,12,252
explicit,21,126,119
considered,122,5,92
professional,220,77,196
response,102,124,25
right,134,138,24
representation,133,100,251
further,37,229,134
team,175,104,83
reporter,243,221,1
follow,90,43,217
temporary,246,144,14
template,7,228,16
instructions,31,28,174
reduce,93,202,27
problem,76,207,180
minimal,13,52,15
steps,167,171,119
fill,15,215,148
exact,212,81,200
relevant,115,232,225
uname,231,30,195
lsb,120,249,150
post,70,93,44
cases,98,194,142
things,210,161,106
doing,172,48,250
messages,29,175,17
might,218,222,86
similar,103,64,200
given,119,216,184
failed,28,135,95
did,33,105,246
clear,94,105,46
trying,165,166,124
describe,101,111,198
detail,189,147,219
ask,174,0,1
ll,178,28,170
adding,56,42,21
context,151,117,4
builtin,108,44,207
override,196,41,178
instance,69,53,154
overrides,42,239,21
box,245,104,123
pgi,103,83,108
nag,173,52,79
fj,114,239,61
ldc,194,129,52
daal,76,76,246
elf,23,131,24
gl,49,86,84
opengl,242,127,97
ipp,109,109,132
jdk,77,117,93
jpeg,0,189,110
mariadb,198,2,208
client,195,155,70
mkl,26,64,91
mysql,153,50,210
opencl,180,109,254
pkgconfig,63,40,19
szip,41,223,102
tbb,151,201,205
unwind,223,93,25
libunwind,118,81,8
world,249,26,246
tree,181,158,106
layout,116,129,122
scheme,206,149,152
recommended,123,212,7
tempdir,239,152,101
tmp,99,68,253
value,133,194,159
inside,213,217,233
staging,215,212,149
space,62,161,23
attempt,158,142,217
between,161,152,163
specified,79,9,237
downloaded,98,243,253
tarballs,51,106,212
repositories,223,179,213
misc,156,250,168
ssl,20,197,3
something,20,221,142
sort,168,2,165
configured,5,227,202
checksum,150,131,148
step,86,185,11
locks,84,240,238
maximum,23,61,112
wait,171,234,219
operations,29,60,85
timeout,180,22,144
therefore,93,235,209
db,192,112,6
typically,26,195,144
never,190,49,116
libelf,141,11,77
apple,157,136,115
buildable,176,98,71
dyld,247,121,185
cnl,153,75,76
suse,59,2,41
again,87,26,27
blacklist,33,60,161
autoload,147,240,208
allowed,222,172,21
building,211,41,15
plugins,171,233,180
sphinxcontrib,6,215,17
llvm,220,198,60
centos,60,146,16
cloud,21,36,173
container,253,21,229
fake,246,117,4
pkgs,253,19,253
mapping,79,209,240
job,194,74,142
namespace,72,161,89
strategy,140,57,236
removed,9,12,207
skip,206,191,56
bz,146,219,135
bytes,191,101,103
itertools,74,79,66
replacement,22,198,136
terminal,118,34,117
sched,216,140,253
yield,185,152,240
shutil,21,14,1
disk,193,152,66
archive,183,164,158
formats,140,248,197
register,18,96,208
signal,136,184,59
pthread,253,128,102
socket,79,19,101
len,139,52,66
threading,60,193,244
ast,177,187,134
dict,124,168,176
lineno,53,74,187
visit,30,114,76
isinstance,186,22,163
attribute,87,117,87
attr,241,44,22
func,189,98,202
functions,80,165,234
dictionary,22,148,91
tuple,148,239,203
checker,159,197,31
tested,13,61,181
bit,1,66,105
hello,166,250,76
tkinter,156,135,251
collections,210,96,134
tw,247,43,203
positional,226,27,226
highly,208,102,177
integers,148,17,78
sum,0,18,248
metavar,88,101,135
integer,43,50,62
close,13,164,89
entry,83,143,66
actions,234,117,41
raised,233,10,44
factory,19,39,212
calls,54,176,99
store,56,77,123
const,252,12,61
formatter,73,161,109
constructor,230,235,131
tell,211,36,5
formatting,107,126,94
implementation,30,136,124
stdlib,67,147,125
really,164,47,219
zero,5,193,244
tty,124,115,105
colify,187,0,179
compatibility,243,105,147
sorted,247,181,126
iterable,18,250,132
reverse,87,22,141
callable,111,138,69
obj,200,52,93
hasattr,62,196,165
bases,20,236,174
utility,67,149,236
abstract,19,1,215
returns,43,120,90
kwargs,238,77,126
getattr,0,8,109
setattr,228,125,141
position,155,67,16
environ,133,198,142
keyerror,251,88,220
valueerror,79,116,127
prog,16,7,214
assert,211,171,124
item,207,178,74
newline,186,173,203
invocation,82,102,204
iter,204,211,59
optionals,49,197,32
positionals,188,202,115
wrap,9,224,169
regexp,170,121,186
                    ,5,59,239
pos,85,169,97
indices,16,82,56
range,203,206,144
collect,8,224,249
enumerate,147,107,24
pop,144,139,183
dest,67,233,100
upper,128,207,188
mutually,200,10,238
determine,185,186,75
label,100,210,173
final,246,61,110
tup,129,21,133
expand,38,39,4
endswith,183,131,51
choices,134,167,247
choice,126,251,59
remainder,33,167,14
params,115,116,28
vars,173,56,217
splitlines,21,46,3
values,22,41,237
difference,127,159,51
float,162,193,0
complex,249,199,11
accepts,212,167,8
super,17,159,14
program,139,132,54
aliases,167,228,15
map,199,101,144
alias,46,235,116
select,160,148,236
remaining,99,234,18
known,38,127,211
setdefault,234,96,225
buffer,163,166,144
std,82,150,224
err,101,233,8
exc,152,129,130
implements,54,170,78
ne,43,19,95
chars,237,176,107
handler,39,141,185
negative,245,194,222
numbers,118,77,183
replace,185,210,87
matching,205,19,169
typeerror,119,109,165
characters,89,123,225
lstrip,145,87,122
updated,228,12,142
checking,28,209,194
argv,249,84,215
parents,145,172,61
subparsers,127,63,121
pretty,71,142,197
subparser,56,185,208
subcommands,236,55,88
aren,188,195,182
references,59,151,246
seen,151,183,23
extras,158,206,115
tail,159,58,118
tuples,0,216,16
char,213,122,18
ignored,62,254,128
exactly,97,147,169
loop,251,180,102
double,194,234,21
counts,221,193,129
slice,24,135,156
zip,10,83,243
prefixes,254,35,11
valid,210,33,182
startswith,28,152,31
unexpected,125,47,75
conversion,37,138,107
cols,181,159,22
subclass,86,35,64
useful,193,40,45
unicode,16,229,190
sizeof,107,131,250
movedmodule,227,103,137
moved,171,247,57
movedattribute,86,163,216
meta,132,23,90
moves,218,121,2
loader,72,245,149
fullname,59,113,105
importerror,198,228,185
implemented,205,177,167
raises,209,114,13
lazy,25,1,225
loading,95,214,14
stringio,22,28,130
builtins,215,109,3
intern,230,230,25
getcwd,213,69,15
subprocess,205,191,37
else,90,2,159
imp,47,60,125
quote,175,184,120
queue,115,102,161
font,69,94,139
urllib,23,225,41
plus,51,31,240
pathname,191,101,239
attributeerror,170,128,142
meth,238,72,64
iterator,84,232,229
cls,99,190,188
kw,67,213,198
iteritems,26,43,28
pairs,207,152,249
encode,227,69,79
byte,1,174,57
struct,88,201,63
getitem,79,209,222
escape,157,148,254
buf,78,248,111
literal,205,94,247
tb,235,221,198
traceback,223,19,216
frame,192,59,201
locals,225,154,157
fp,240,231,196
flush,24,162,232
wraps,187,92,152
wrapped,18,164,224
metaclass,61,202,153
explanation,10,193,83
actual,191,238,151
decorator,107,213,102
orig,140,128,205
defines,197,0,71
applied,128,149,248
turn,146,107,187
floating,153,189,213
functional,238,65,58
hookimpl,170,76,186
fixtures,180,58,235
fixture,69,13,230
rewrite,106,129,180
debugging,14,107,226
xfail,241,89,215
gen,168,232,112
collector,59,127,97
session,8,69,81
approx,119,218,157
trace,230,248,40
condition,163,51,108
compat,155,205,73
ordering,81,67,59
lt,114,90,58
roots,129,156,176
operation,82,51,233
access,27,29,121
table,73,43,240
lower,92,133,51
normalized,126,248,160
returned,241,13,12
reversed,140,164,234
                        ,229,125,82
codename,58,29,142
subset,243,144,105
fedora,126,188,39
scientific,235,174,244
ids,129,89,189
listed,231,94,203
separated,143,1,125
freedesktop,161,63,195
stores,107,51,41
bool,182,40,123
execution,254,100,34
algorithm,17,235,34
normalize,207,108,148
precision,220,86,55
matches,4,172,146
isfile,175,12,192
lexer,170,198,214
causes,187,39,86
decode,251,161,187
tokens,176,125,22
token,4,16,234
quotes,24,32,227
sequences,119,202,59
popen,161,50,39
colon,93,55,130
listdir,144,116,108
entries,114,73,42
filepath,189,72,240
readline,239,128,149
logger,194,191,59
todo,101,72,117
xml,223,72,13
expat,85,104,99
child,127,80,185
expr,158,218,12
modname,243,54,238
inline,152,241,194
generates,101,253,112
stmt,164,170,25
walk,202,4,241
defaultdict,57,182,89
ea,162,198,198
fa,178,181,114
port,87,219,201
stable,153,167,177
modern,158,28,144
schema,148,140,111
drop,0,203,253
validators,10,204,106
dd,206,225,4
markup,48,6,140
safe,143,108,101
ini,204,235,15
framework,185,12,144
ff,93,112,8
cbc,171,6,132
ec,228,102,141
pyyaml,75,116,75
manipulation,24,79,176
mach,234,244,23
inc,240,155,200
corresponding,44,115,143
developed,147,141,99
toolkit,73,39,52
computing,161,204,7
research,167,70,232
eb,32,225,224
expressions,85,8,195
algorithms,42,201,88
division,9,105,247
predicate,33,239,179
evaluate,78,98,24
designed,113,145,85
merged,25,139,122
bb,10,43,113
ee,95,130,135
symbol,52,204,106
rule,128,176,130
symbols,62,244,206
                                    ,29,154,123
ansi,211,195,249
detected,121,52,54
ref,191,195,27
za,74,126,185
getvalue,125,85,188
chunks,142,170,111
math,184,91,80
times,50,222,1
stream,185,115,56
async,151,22,10
rstrip,57,186,109
coding,137,231,248
nodes,49,210,48
enter,191,180,37
loads,167,60,30
compilation,199,117,97
inheritance,96,221,112
extends,173,38,226
warn,158,62,194
words,14,116,74
ad,39,221,57
utils,54,198,236
due,33,239,59
implementations,179,59,226
catch,230,36,171
frames,84,236,247
prev,80,24,171
render,75,74,130
raising,56,200,116
hint,81,194,214
translate,213,93,5
xxx,175,197,66
backup,213,234,36
ctx,75,5,156
depth,120,57,181
cur,127,120,123
won,234,246,156
co,49,37,25
block,208,27,8
firstlineno,238,243,103
ctypes,63,2,205
pointer,210,39,5
generators,126,167,119
deque,172,200,44
mutable,68,146,213
sequence,182,40,1
collection,173,142,4
rotate,232,189,174
why,210,139,137
idx,107,229,87
inspect,195,25,225
ranges,250,245,123
overridden,171,51,98
rendering,134,81,173
callback,59,116,188
operators,57,149,157
binop,33,100,245
native,141,250,222
rv,139,153,55
fmt,157,180,171
rest,176,85,208
depend,3,129,241
num,34,100,40
memory,187,65,39
singleton,191,79,61
seq,244,183,187
filters,239,183,178
trim,176,43,53
blocks,90,172,116
ascii,40,22,42
rel,183,225,71
word,79,194,132
concat,153,184,31
caches,52,164,89
dotted,119,200,236
rb,71,47,93
errno,248,105,105
thing,135,84,207
net,62,135,98
href,152,92,19
random,243,36,22
comma,61,37,183
storage,60,52,162
acquire,214,51,246
highest,57,176,201
ordered,126,19,74
recent,27,184,214
autoescape,243,48,165
disabled,213,31,160
dumper,188,200,37
runtimeerror,56,191,3
reset,167,202,38
arbitrary,22,232,245
soft,99,241,160
bytecode,26,51,184
application,232,19,55
often,142,1,221
marshal,98,146,123
magic,247,14,168
fed,62,88,133
bc,33,59,13
bucket,119,114,70
fails,34,74,25
filesystem,214,123,231
unable,65,82,195
unique,250,246,71
stored,73,159,14
bcc,65,187,210
tempfile,104,230,157
stat,206,146,209
chmod,11,149,176
st,125,201,23
uid,189,254,201
isdir,90,103,93
engine,38,80,172
accept,53,176,137
contrib,148,174,52
high,213,195,88
keywords,29,201,77
macro,162,23,240
compare,206,61,228
mul,220,226,115
extension,201,178,3
convenience,238,119,32
eof,29,67,209
probably,139,197,208
construct,74,165,210
endif,148,239,160
scope,30,1,63
let,179,137,210
primary,88,242,128
ops,177,64,147
got,70,232,231
dyn,153,202,210
chain,104,15,205
bundled,46,190,214
pairwise,24,49,166
my,105,83,211
dicts,32,147,217
comparison,8,86,140
foobar,150,11,240
boolean,57,187,67
separator,142,70,3
elements,60,34,243
center,183,90,27
rename,111,65,206
sign,34,0,143
tolerance,172,109,229
baz,161,247,101
three,58,254,224
column,44,14,210
specifies,143,254,138
hide,246,135,90
structures,149,172,225
abs,183,148,174
component,254,152,252
preserve,182,201,62
low,121,71,18
linked,156,69,121
experimental,253,94,70
optimized,238,89,214
finalize,159,36,24
callbacks,69,101,253
lex,115,113,62
usually,113,165,206
joined,168,126,152
switch,177,250,52
pyc,113,167,164
filtered,9,69,166
entire,48,54,191
creation,157,167,113
reads,187,30,18
recurse,189,242,241
efficient,224,115,105
visitor,122,206,197
optimize,223,100,197
volatile,248,251,37
inner,94,110,100
registered,22,106,155
writeline,220,121,213
analyze,234,98,226
macros,58,23,248
variety,247,223,93
indicator,248,28,37
forward,83,164,78
static,143,146,187
wrong,35,31,83
val,18,177,171
unused,182,6,61
saved,109,85,133
segments,179,81,172
mtime,230,83,222
dirpath,236,74,142
filenames,176,222,42
provider,241,154,99
resource,163,144,41
weak,212,12,94
optimizations,166,99,140
hand,67,163,128
plural,32,40,230
placeholder,252,137,75
fileobj,29,75,107
providing,169,229,221
cgi,224,150,1
failing,47,169,34
validate,173,25,166
suffix,114,49,9
diff,196,117,24
removes,169,236,147
sym,89,45,65
subnode,17,32,210
visited,17,73,38
fn,160,82,79
independent,19,14,31
among,120,142,162
element,238,112,207
failures,7,3,232
undef,181,177,162
cfg,229,172,253
representer,132,110,126
bitbucket,51,97,82
cac,150,124,207
eed,28,63,161
ae,51,137,69
scalar,212,56,137
inf,188,72,204
nan,16,224,3
timestamp,190,43,2
datetime,177,88,46
ex,2,14,209
attrib,148,98,208
anchor,84,197,40
trip,160,182,76
reader,8,35,0
rt,248,150,61
col,81,252,141
ca,205,88,249
res,107,62,99
vals,11,120,19
absent,100,111,190
resolver,186,156,34
equal,207,130,87
impl,100,143,190
documents,48,84,251
canonical,110,189,12
align,39,127,14
subtype,33,150,124
constructing,141,145,106
ret,94,109,211
marker,139,154,173
peek,219,137,233
properties,183,19,30
directives,194,139,203
transform,175,99,9
abc,189,227,109
composer,234,212,39
                                         ,61,250,135
analysis,131,216,252
breaks,167,77,22
writer,184,231,141
hints,232,78,184
initialize,211,200,9
track,240,163,230
specification,115,189,226
numeric,23,22,189
uri,183,202,123
codes,74,96,98
hidden,129,77,55
thus,23,100,52
argc,169,226,239
prevent,209,173,75
devel,56,30,173
rc,170,92,22
edge,143,73,6
edges,34,92,196
degree,152,90,233
fixme,233,167,24
traverse,134,85,162
topo,147,156,8
traversal,34,248,58
cluster,236,142,254
sw,229,23,64
color,183,192,194
blue,64,210,50
red,145,142,99
bold,241,197,240
graphics,59,70,24
rank,92,243,126
circle,81,105,78
triangle,141,195,231
diamond,130,247,40
weight,224,102,150
plot,225,190,241
uc,107,122,126
heap,71,136,25
sourceforge,165,219,146
network,164,216,219
ece,216,76,185
components,226,157,187
statistics,50,46,101
statistical,250,240,12
reading,150,213,79
download,225,209,219
backend,125,203,129
capabilities,101,157,17
retrieve,79,124,122
frag,132,46,35
validation,191,164,179
validationerror,8,88,189
draft,196,35,227
af,28,24,198
host,217,113,246
validator,7,130,117
additionalproperties,251,189,76
ui,59,59,201
enum,160,235,134
mp,124,40,49
suitable,144,111,46
unittest,14,23,30
testcase,115,248,150
assertequal,150,242,221
am,128,51,52
side,2,177,41
partition,101,91,15
runner,7,144,116
getenv,236,14,73
glob,172,15,88
skipif,160,218,46
dylib,64,234,192
mh,35,83,228
fat,239,149,68
dst,18,95,93
writable,249,130,30
window,114,47,248
islink,99,237,146
sdk,241,72,90
endian,51,58,62
macho,203,70,240
plat,94,96,109
mm,108,221,11
ptr,165,98,142
uint,71,69,37
ls,177,47,169
fh,207,248,99
ppc,119,32,59
segment,246,234,5
protocol,43,4,18
reports,220,170,72
abspath,154,195,247
abi,67,239,58
mc,54,71,41
powerpc,111,127,194
hppa,131,134,86
ev,68,125,202
stub,105,76,71
vm,223,136,149
editor,233,177,37
bindings,158,166,30
req,12,120,101
uuid,189,103,240
macosx,86,101,73
term,52,38,175
xe,138,32,125
xf,86,82,228
loc,132,210,103
tiff,52,102,96
comm,176,163,253
swift,124,161,188
junit,46,129,38
repl,182,170,149
stats,132,6,222
longrepr,120,198,62
skipped,201,31,192
teardown,138,58,9
addoption,31,123,22
pluginmanager,200,231,129
runtest,137,8,196
terminalreporter,157,112,60
outcome,50,19,235
argnames,159,104,48
bf,3,55,183
edc,232,16,108
efa,151,52,168
fd,133,54,215
markers,100,79,234
funcargs,216,57,71
excinfo,109,77,192
monkeypatch,105,146,33
setenv,128,36,21
vs,226,74,0
cwd,62,21,15
numpy,118,152,208
isnan,236,193,80
destroyed,106,24,50
conftest,192,33,185
typename,69,155,249
activates,207,209,60
ps,170,201,53
fname,38,15,170
fspath,88,134,232
pm,37,113,106
fixturedefs,74,97,199
hooks,177,187,40
toterminal,86,220,241
relpath,80,199,188
rootdir,224,51,241
capture,235,187,111
fil,174,140,79
rec,53,186,66
tr,60,246,167
subdirectory,50,167,131
capturing,164,253,220
dup,105,163,42
ns,188,37,201
deactivate,117,201,236
pyfuncitem,155,6,232
capfd,180,65,215
tmpfile,97,7,25
screen,232,193,179
pdb,124,21,46
prompt,113,219,15
console,129,209,221
fixturedef,216,61,235
argname,34,105,144
green,205,24,247
domain,104,15,41
comes,147,20,38
plan,163,247,104
scm,137,207,219
acc,139,31,244
compgen,113,206,238
usefixtures,111,183,130
parametrize,177,129,39
cs,106,252,217
phase,16,181,45
fs,76,220,138
pid,169,0,45
mem,52,99,11
exe,249,128,108
colitem,247,107,113
flexible,81,228,187
opts,223,90,199
firstresult,37,227,55
ancestor,78,80,166
distutils,107,221,209
interactive,81,105,165
ipython,149,64,109
defs,207,164,132
activated,151,182,228
bdb,59,83,111
expl,75,7,100
atomic,27,158,90
strpath,204,23,151
intermediate,163,231,207
ar,40,191,31
controller,157,16,241
retval,185,71,199
exprinfo,233,113,25
serialization,188,231,66
alignment,137,159,66
area,49,17,216
dt,180,39,107
ruby,80,108,232
backports,98,83,200
mixed,246,119,132
kernel,49,57,219
mt,232,81,147
proto,2,7,208
auth,91,73,235
apr,132,138,58
solve,135,111,141
sp,202,14,83
wcpath,101,189,211
dfb,200,71,98
oriented,93,53,100
rmtree,64,237,128
lockfile,85,222,220
al,15,119,235
device,141,116,204
subdir,19,123,218
weights,48,163,90
mkdirp,145,175,97
spackerror,250,158,215
maps,8,65,161
extendee,14,177,235
downstream,77,53,120
manifest,113,207,242
deprecator,163,142,163
perms,47,0,194
hashes,43,22,191
exts,61,165,108
projection,56,0,72
sjson,234,59,166
fetcher,229,28,117
gz,5,54,62
variant,248,116,171
satisfy,187,122,131
satisfies,88,177,69
filefilter,246,187,54
vspec,183,20,154
multivaluedvariant,112,160,51
singlevaluedvariant,186,232,116
boolvaluedvariant,6,140,209
constraint,165,200,209
colorize,22,179,150
deptype,53,158,147
canonicalize,38,213,137
callpath,32,93,209
dyninst,243,186,31
libdwarf,166,7,172
boost,32,237,208
deptypes,163,217,80
dep,235,251,161
frontier,175,240,245
subcommand,57,164,1
cmds,194,44,179
spackcommand,63,229,176
vpkg,173,97,93
getmodule,220,123,23
dso,240,65,249
libgcc,100,142,109
transaction,89,228,33
overwrite,234,15,244
crypto,153,177,68
compression,240,155,184
composite,20,250,169
digest,177,252,150
srcdir,15,200,86
destroy,85,84,211
suffixes,191,31,132
dbs,244,127,116
packagebase,185,97,135
installerror,97,111,122
hdf,72,177,126
concretized,113,238,36
concretize,160,0,55
speclist,50,4,66
viewpath,190,152,201
aclocal,108,208,210
environmentmodifications,177,77,89
aspell,8,211,221
octave,206,170,11
meson,183,175,37
sip,240,44,77
multimethod,60,12,71
placement,136,150,160
patched,161,21,234
patchelf,113,43,32
idpath,34,71,150
ft,124,81,216
bgq,53,105,74
libc,182,254,123
void,184,97,24
openmp,42,166,18
unsupportedcompilerflag,198,66,23
fe,116,138,130
models,156,15,37
matrices,60,168,194
rows,25,196,203
annotation,82,100,162
signing,76,216,127
gnupg,99,177,43
buildinfo,201,160,248
specfile,64,233,252
unsigned,246,46,247
ftp,47,165,104
cran,61,104,125
bcf,3,148,77
eigen,102,103,60
bowtie,174,158,160
aa,62,90,203
tgz,3,198,32
vtk,237,202,87
libpng,147,181,101
da,200,63,233
cdd,158,211,175
atlas,226,72,30
geant,226,11,27
gmp,62,239,213
icu,143,119,95
superlu,21,248,134
alpha,50,69,8
php,195,191,63
slepc,128,134,149
otf,134,122,230
offsets,234,140,46
cb,146,4,49
sl,87,5,249
everywhere,142,198,57
el,178,14,214
libdir,79,72,67
pic,215,114,221
soname,18,153,17
transitive,53,104,237
cce,211,132,74
ce,16,75,130
recv,91,117,68
tengine,94,74,95
pset,231,238,211
sample,25,1,152
mvapich,151,237,173
ncurses,8,12,78
zmpi,40,222,202
xz,54,35,45
abcd,109,243,49
regression,131,41,25
mockpackage,163,35,19
bt,216,53,1
mockery,57,184,64
mv,228,54,130
trie,38,243,95
multivalue,13,242,19
haswell,98,245,33
werror,147,168,205
pmi,197,171,234
ccd,203,171,15
xcode,63,244,247
makefiles,126,160,3
cmakelists,238,200,244
bazel,184,169,78
pl,42,2,241
foobarbaz,14,5,162
fb,15,46,105
ded,198,47,39
fbb,89,100,89
aae,174,135,63
fcf,91,198,24
dc,147,228,83
ba,220,182,197
dab,225,157,50
bef,39,220,116
ed,141,208,8
dbe,123,84,182
dcb,17,65,137
dcmake,214,12,240
march,143,176,229
mtune,7,240,39
mcpu,188,99,80
hypre,120,10,41
converge,67,87,141
grib,207,168,214
julia,124,239,109
ncbi,197,31,232
blast,10,222,87
antlr,65,169,8
fonts,9,83,107
zoltan,93,5,250
pyqt,126,242,34
libxc,107,198,106
oce,56,229,178
dolfin,90,132,73
pandas,200,106,135
bfe,79,7,33
fbd,105,185,177
cdf,212,163,252
cae,249,209,154
pub,111,20,130
petsc,148,66,170
mpfr,247,237,91
ftpmirror,20,57,91
bliss,227,88,190
gtk,75,38,60
gnome,20,104,187
fr,6,242,122
cube,81,97,15
cblas,83,54,38
xsdk,29,253,4
omp,46,54,180
pc,171,210,157
aarch,68,20,228
nvidia,233,139,156
edition,7,28,196
gene,155,125,41
librarylist,194,216,238
dealii,164,52,72
robust,103,156,1
whitelist,234,194,13
readme,181,227,105
abcdef,167,70,151
portable,232,25,138
modulefile,250,87,48
abd,251,175,175
viewdir,236,137,83
fca,80,45,48
deb,22,218,23
ebe,110,145,109
ebd,56,153,57
efb,84,34,227
dfd,172,105,187
fae,117,71,204
ab,216,28,18
autoreconf,71,121,62
autoconf,247,93,119
bzip,25,110,81
studio,134,111,223
hl,6,48,246
malloc,160,85,119
mpirun,142,9,59
slurm,249,237,114
lk,63,56,151
barrier,2,61,161
released,245,223,86
libmpi,161,92,218
hpp,47,14,10
hh,88,108,170
dboost,158,150,230
lz,81,64,101
simd,43,16,63
vtune,58,122,1
grep,159,205,70
gpu,199,132,90
dnn,20,67,70
design,17,55,230
threads,45,152,63
blacs,115,128,155
mpicc,137,247,205
mpicxx,48,76,19
mpif,234,109,164
mpifc,65,56,108
lapacke,43,102,122
driver,229,204,179
libtool,126,195,158
automake,60,90,0
destdir,52,47,84
relwithdebinfo,245,186,118
bd,93,75,178
cdb,224,34,174
incdir,80,215,36
gc,120,49,122
unload,75,206,183
profiling,183,8,213
docutils,56,160,187
dim,115,244,122
fabrics,41,45,174
psm,135,15,15
proj,223,236,31
cf,114,215,248
forge,200,249,199
suitesparse,16,31,254
sparse,143,245,136
bpp,78,165,182
decl,247,68,18
dec,174,10,61
lightweight,50,236,205
varname,54,142,219
mrnet,146,143,103
la,65,157,48
transpose,220,27,8
printf,250,160,57
quality,170,162,169
linear,45,133,155
algebra,83,204,215
ef,241,248,154
fdf,58,36,202
arpack,87,69,81
ng,195,16,78
solvers,219,185,142
dcd,91,104,96
bfb,85,162,1
dcf,33,39,163
cgit,180,47,46
cfa,144,218,229
bba,79,65,78
cbf,219,175,122
ecb,181,250,205
fbf,33,157,76
dbc,247,43,54
libfabric,172,2,159
autogen,36,219,37
daa,73,131,173
dbd,24,157,82
aeb,84,154,155
bdf,223,204,253
dbuild,21,163,131
duse,159,91,59
fcd,123,108,144
bca,216,42,15
adb,169,234,37
eae,59,24,58
bdc,25,181,192
cde,181,76,249
feb,79,151,3
cad,43,48,241
cee,55,138,191
eda,166,6,61
ffb,126,51,72
dce,208,53,186
cfe,233,164,233
dee,91,139,54
acb,254,231,249
afa,160,223,40
fec,171,157,154
ecd,147,243,119
aab,232,148,74
fab,209,34,23
aad,135,3,238
cba,119,141,150
images,35,21,60
sequencing,154,242,112
faf,201,139,76
bec,185,100,228
bioconductor,65,160,212
biobase,89,145,240
rna,34,90,212
fad,142,199,226
bce,194,156,186
aff,171,66,45
bde,19,92,75
dde,87,212,35
dae,211,4,227
afb,151,42,68
ggplot,92,57,247
mass,219,149,80
png,87,64,36
foreach,233,147,13
dfe,238,36,237
ceb,88,220,235
dba,31,137,160
cff,1,50,73
bea,240,87,149
aca,219,227,34
aef,29,214,81
bbb,17,91,116
dac,235,198,191
edb,165,49,119
glib,28,17,156
scalable,151,43,66
simulation,104,38,173
ddc,213,65,36
fce,28,75,155
efe,86,11,62
abb,31,182,255
aed,216,119,36
ced,184,79,1
gnutls,244,0,49
openssl,60,121,240
hp,50,216,156
scotch,90,130,28
metis,69,2,8
flex,25,198,117
libx,202,170,236
cda,226,174,32
afd,197,197,204
fcb,23,243,78
bfd,100,248,198
fba,152,153,216
dbf,8,248,149
bac,136,173,192
fdb,240,113,29
bcd,155,167,136
plotting,56,200,52
abe,234,235,175
eba,116,113,81
includedir,206,26,20
bdd,123,74,220
cython,148,93,153
cpan,141,201,130
cef,81,242,178
fbe,118,35,213
beb,152,108,184
blosc,142,102,90
lo,123,222,97
libxml,227,162,193
computational,151,202,21
ddb,12,140,240
objective,223,176,180
ddd,183,41,74
dda,163,186,199
aba,127,179,104
fdc,194,232,104
fff,141,198,67
ccf,74,70,202
ebc,26,107,88
bbd,135,243,62
ffd,64,85,239
caf,91,245,123
adc,174,221,138
bae,31,177,193
xorg,224,92,189
ecc,141,199,172
aee,58,39,201
edf,84,238,1
eee,243,203,55
eca,177,55,176
daf,39,248,32
sqlite,204,227,17
mesh,220,199,225
doxygen,41,69,229
visualization,45,16,105
freetype,211,172,155
pcre,121,76,112
solver,218,232,187
xproto,141,97,7
fea,149,219,206
aaa,149,97,184
fef,127,147,69
wno,25,179,68
ede,228,124,241
eaf,213,49,108
cec,70,13,93
efd,148,115,146
ecf,29,211,24
gnuplot,124,245,156
metacpan,175,93,14
pod,229,160,111
efc,69,206,230
answers,50,106,50
dmpi,69,36,112
dea,2,184,101
aaf,117,114,226
ead,10,67,37
cdc,118,95,222
libtiff,4,163,217
dvtk,94,56,50
dpython,11,61,37
bee,78,74,57
bed,170,201,174
libxmu,186,186,14
libxt,46,138,32
libxext,106,107,103
edd,127,236,39
cbd,134,233,41
dcc,72,217,5
bbf,46,71,2
mumps,134,41,188
dwith,177,85,25
cfc,48,209,31
cbb,69,128,241
bfc,70,11,107
cca,125,158,67
baa,155,112,116
bda,4,51,19
ffa,86,244,230
bfa,144,203,60
ace,237,18,80
fde,148,46,219
htslib,80,97,147
samtools,96,68,74
fasta,66,182,53
dfa,190,211,126
genomicranges,68,225,161
biocgenerics,53,39,163
vectors,5,191,230
iranges,159,202,181
libcircle,235,4,216
registrationcenter,188,80,78
akdlm,1,21,85
irc,211,143,143
nas,146,96,24
tec,176,70,211
ebb,136,169,213
dfc,127,78,198
caa,38,34,219
adios,74,82,254
eef,157,95,79
bab,131,159,158
cbe,236,142,244
ade,44,153,244
baf,23,186,215
typedef,167,125,128
osgeo,76,160,99
bbc,203,26,140
aec,98,54,157
cfb,240,20,70
ada,211,107,91
aac,192,219,79
ccb,77,68,237
eec,57,55,254
matplotlib,232,58,153
genome,137,19,31
finite,228,202,233
factor,105,74,54
frequency,237,198,34
acf,135,223,1
dtpl,178,96,147
ffc,115,113,54
bcb,109,4,49
eab,117,164,154
pythia,169,194,193
dad,38,123,63
bff,97,219,213
fbc,57,216,243
eac,226,218,96
scorep,20,161,27
score,189,196,159
papi,143,6,12
afc,226,196,211
libxcb,38,74,224
xcb,222,8,166
grid,227,101,170
eea,239,73,139
abf,91,68,145
dbb,108,190,19
lattice,161,38,157
eeb,195,238,91
nls,115,35,36
afe,241,243,132
ecp,113,194,146
kokkos,197,240,146
adf,77,183,15
fda,209,233,15
openspeedshop,53,173,158
krell,120,245,140
asm,124,33,72
bison,123,90,154
mkspecs,204,169,105
lflags,160,189,10
glibc,198,200,103
aea,227,102,208
jp,51,245,53
cairo,16,61,52
tiny,107,250,72
gui,17,178,24
wx,124,88,47
fac,110,73,149
libxaw,205,102,120
genomic,217,91,96
lite,29,138,9
jasper,128,215,2
pthreads,152,20,125
valgrind,215,189,59
denable,253,90,27
ffe,109,230,42
plots,5,154,218
pango,98,102,15
swig,128,51,209
tk,14,188,216
cbtf,212,104,23
xerces,163,214,151
ddf,128,242,39
jit,132,45,86
ebf,53,246,72
cea,30,83,42
gdal,124,85,51
faa,78,75,18
libiconv,9,141,231
geos,216,252,152
poppler,189,197,75
cryptopp,188,218,199
sun,237,58,34
toolset,14,115,72
bbe,143,181,31
acd,82,16,129
bld,63,225,166
opa,31,253,137
gsl,129,215,198
fft,14,158,179
cxxstd,78,23,147
datasets,45,41,46
pmix,192,3,84
serial,36,162,107
parmetis,247,70,69
jupyter,118,141,177
dff,47,181,197
mat,164,94,183
matlab,101,121,22
dseacasproj,108,44,243
kernels,199,111,148
protobuf,109,99,79
dna,78,154,198
spatial,12,254,237
bddc,68,254,55
pmpi,244,116,93
magrittr,55,197,57
qmcpack,189,77,162
guile,30,31,93
mpiexec,31,174,154
cast,170,54,213
prod,243,168,219
udunits,112,73,183
esmf,69,36,34
paraview,119,51,90
conduit,97,98,99
silo,21,104,60
cti,254,61,121
nek,139,56,116
extern,236,43,54
tpetra,103,180,12
pnetcdf,236,59,174
dtrilinos,199,123,186
libcxx,164,11,58
elemental,65,167,102
cudnn,20,46,166
cub,228,142,235
bamtools,90,166,180
inria,160,43,249
vcf,80,124,132
traits,152,61,23
demo,124,47,229
lldb,169,64,235
zfp,15,168,237
opencv,65,189,116
sanitizer,226,173,81
vt,162,172,200
ptscotch,40,81,189
cublas,20,145,187
nccl,175,68,193
classpath,247,108,16
cl,48,58,177
insertions,55,117,26
deletions,139,96,135
sundials,147,237,201
dx,235,110,131
multiverso,91,193,67
percept,240,179,120
bp,156,187,244
magma,34,20,97
occa,251,30,42
mfem,208,249,45
clhep,125,240,18
mofem,232,86,155
flux,249,38,47
connector,223,253,116
recon,168,135,111
fei,229,35,79
sstruct,123,165,185
libhypre,91,116,18
fl,69,19,117
kaldi,198,231,101
openfst,11,56,120
caffe,50,226,142
ksp,253,63,84
eccodes,73,235,127
libmonitor,194,33,202
prng,245,88,96
plumed,102,43,81
ucontext,216,160,24
nnvm,64,186,220
rational,195,48,138
vf,203,162,49
xlcpp,4,120,81
sirius,214,226,60
nwchem,58,75,104
ibmxl,207,181,201
ego,79,37,89
naur,163,221,29
pa,19,112,164
ifdef,55,54,29
dnl,199,140,151
ifndef,218,162,137
prf,160,137,176
jitstackframe,23,181,140
ctitrampoline,88,31,22
globl,211,244,205
ctivmthrowtrampoline,196,170,126
ifeq,125,205,21
gnuc,174,124,232
reccalc,133,181,8
thesize,31,206,78
datadescription,109,121,186
timestep,13,67,136
blasint,228,197,42
transa,250,80,148
transb,14,213,111
aldim,215,79,8
bldim,88,7,33
cldim,248,204,194
xmm,159,182,46
listgeo,130,55,243
tif,81,105,112
projectedcstypegeokey,34,244,31
oblique,115,173,163
mercator,15,196,238
parcsr,28,59,161
esmc,223,89,119
ierr,62,146,182
bpatch,17,119,104
msp,38,192,163
ele,29,191,8
libsanitizer,86,23,118
unr,32,129,78
pcontrol,139,80,237
fcn,43,54,221
jamfile,112,239,41
ibmcpp,227,154,142
mytype,0,159,244
bsplclib,167,250,82
transposed,146,12,36
rdft,177,128,92
cld,64,68,28
plnr,4,189,39
vn,173,201,179
pes,38,104,36
npes,100,193,11
inkscape,51,215,200
ffffff,174,215,101
stroke,23,62,124
rax,21,103,147
ptrba,188,227,223
ptrbb,16,80,105
dy,114,99,4
yvec,206,103,8
xvec,78,42,2
